{
    "configurations": [
        {
            "type": "chrome",
            "name": "Server Chrome",
            "request": "launch",
            "url": "file:///C:/Users/Elton/Desktop/Curso%20Degital%20House/3%20Bimestre/Front%20End%20II/Checkpoint_II/To-Do-App_modelo/.vscode/signup.html"
        },
        {
            "type": "chrome",
            "name": "Local Chrome",
            "request": "launch",
            "file": "${workspaceFolder}"
        },
        {
            "type": "firefox",
            "name": "Server firefox",
            "request": "launch",
            "url": "http://127.0.0.1:5500/?"
        },
        {
            "type": "firefox",
            "name": "Local firefox",
            "request": "launch",
            "file": "${workspaceFolder}"
        },
    ]
}